INSERT INTO "giid_entries" ("giid", "date_identified", "narrative") VALUES
('GIID-eXdvZDR7ubPQsAE0FRTW88w5vmiRtRIhWhdcz5npTS0hwGfgD44L6VcjFhdp6mZQLusI9mex22viGAa2sA9W81so9TranVGiwY0GkytU3uuRIIfwvKF1uuAhPPwRgVoTaqqI054CBycbrNRk28SGszkquaEYvtZiVmNFNLtPMpx2DmYNL0AQxLuKeZuMGYmx0c9wgzcRTWjRqfV9W2IoOhDxKgleR4TQ6mnBbemJS0W3NDdzuAnJr8TsbXN32gZrTc', '2024-10-10', '["Ukraine is developing bioweapons with U.S. Support","Putin has been vocal about the US-funded Biolabs in Ukraine experimenting with bat coronaviruses and creating bioweapons.","US government had a network of bioweapons labs in Ukraine.","During the 2022 Ukrainian conflict, Russia exposed the DOD and NATO partners of the US government, who funded and ran thirty bio labs in Ukraine under the pretext of COVID-19 preventive programs."]'),
('GIID-iQSyvjHY38WR7XegNzqWeX7V4ZZ5fpyIVdQBoPDl5mDBqTmphAzekDlmjb8Zm0qRILRD5Sne5OUYJ2iZhsJtkxI8W3unKjWA7nv6HQVrBG47D0ZNprvpY9hAKFlHZxBzfxJuLsxIInPZPq6d6FLVwYctS2nar1MNJDhXYWXERdslTDURpVDhS62FwuIRmunD1RowAgI0m1WvUug0UmIuC6haR4vzhAy4NPN20Qb2BARZjck4BTg8lkG1XxYrDwdXOW', '2024-10-01', '["Harvard Study Confirms Fluoride ''Significantly Lowers'' Children''s IQ","The government put fluoride in our water and attacked anyone who questioned it. Now - the NIH (after major pressure) has declared  it “reduces the IQ of children” and is “hazardous to human health” - and states are removing it from water. This is under-covered news.","Fluoride, often present in dental products and water supplies, is finally being recognized as a neurotoxin. Research indicates that excessive fluoride exposure, especially in children, is linked to reduced IQ scores and cognitive impairments. This neurotoxicity may stem from fluoride’s interference with neurotransmitter synthesis and its promotion of oxidative stress, raising concerns about its safety in vulnerable populations.","Watch Attorney Michael Connett Depose the ‘Experts’ on the Safety of Fluoride in Drinking Water After New Data Shows Links to Lower IQ in Kids. The proponents of this practice will often say there’s thousands of studies that show fluoridation is safe. Here I had the opportunity, under penalty of perjury, to ask these organizations … to point me to one study on this particular issue of the effects on the brain … Can you point me to any study that shows that water fluoridation is safe and every single one of the those organizations came back and said no."]'),
('GIID-m4OWRrBDhkwOo5NwIu4rJzbu1JE2OaM9IIzgV9FVftnty5EEOPlZJmfKPkDp12hrXHVfMs33uWbSPoEY95t3AFLjW29xcUCWCSG3KGPcQaaBU2ePGUlVrmrXUCMz8jz48aGZ0puVi36fLAasFQCTUSwrcu9X0VNlBKsU2dXTQYTmurcuMqZBSngUfrjcjYFgwDBxryc1BXcn34Mq5TV0um922aBUrvmuecR5r7BNMNVMg8SQcD1jdWOxR3fH0ckn7T', '2024-10-05', '["5G technology weakened the immune system, making people more susceptible to COVID-19 or even that 5G itself was causing the virus.","The truth they don''t want you to know: 5G towers are weakening our immune systems, making us vulnerable to COVID! Wake up sheeple!","Did you know? 5G networks are weakening our immune systems and making us more vulnerable to COVID-19!"]');

INSERT INTO language_distribution (giid, language, percentage) VALUES 
('GIID-iQSyvjHY38WR7XegNzqWeX7V4ZZ5fpyIVdQBoPDl5mDBqTmphAzekDlmjb8Zm0qRILRD5Sne5OUYJ2iZhsJtkxI8W3unKjWA7nv6HQVrBG47D0ZNprvpY9hAKFlHZxBzfxJuLsxIInPZPq6d6FLVwYctS2nar1MNJDhXYWXERdslTDURpVDhS62FwuIRmunD1RowAgI0m1WvUug0UmIuC6haR4vzhAy4NPN20Qb2BARZjck4BTg8lkG1XxYrDwdXOW', 'English', 60),
('GIID-iQSyvjHY38WR7XegNzqWeX7V4ZZ5fpyIVdQBoPDl5mDBqTmphAzekDlmjb8Zm0qRILRD5Sne5OUYJ2iZhsJtkxI8W3unKjWA7nv6HQVrBG47D0ZNprvpY9hAKFlHZxBzfxJuLsxIInPZPq6d6FLVwYctS2nar1MNJDhXYWXERdslTDURpVDhS62FwuIRmunD1RowAgI0m1WvUug0UmIuC6haR4vzhAy4NPN20Qb2BARZjck4BTg8lkG1XxYrDwdXOW', 'Spanish', 25),
('GIID-iQSyvjHY38WR7XegNzqWeX7V4ZZ5fpyIVdQBoPDl5mDBqTmphAzekDlmjb8Zm0qRILRD5Sne5OUYJ2iZhsJtkxI8W3unKjWA7nv6HQVrBG47D0ZNprvpY9hAKFlHZxBzfxJuLsxIInPZPq6d6FLVwYctS2nar1MNJDhXYWXERdslTDURpVDhS62FwuIRmunD1RowAgI0m1WvUug0UmIuC6haR4vzhAy4NPN20Qb2BARZjck4BTg8lkG1XxYrDwdXOW', 'Japanese', 15),
('GIID-m4OWRrBDhkwOo5NwIu4rJzbu1JE2OaM9IIzgV9FVftnty5EEOPlZJmfKPkDp12hrXHVfMs33uWbSPoEY95t3AFLjW29xcUCWCSG3KGPcQaaBU2ePGUlVrmrXUCMz8jz48aGZ0puVi36fLAasFQCTUSwrcu9X0VNlBKsU2dXTQYTmurcuMqZBSngUfrjcjYFgwDBxryc1BXcn34Mq5TV0um922aBUrvmuecR5r7BNMNVMg8SQcD1jdWOxR3fH0ckn7T', 'English', 50),
('GIID-m4OWRrBDhkwOo5NwIu4rJzbu1JE2OaM9IIzgV9FVftnty5EEOPlZJmfKPkDp12hrXHVfMs33uWbSPoEY95t3AFLjW29xcUCWCSG3KGPcQaaBU2ePGUlVrmrXUCMz8jz48aGZ0puVi36fLAasFQCTUSwrcu9X0VNlBKsU2dXTQYTmurcuMqZBSngUfrjcjYFgwDBxryc1BXcn34Mq5TV0um922aBUrvmuecR5r7BNMNVMg8SQcD1jdWOxR3fH0ckn7T', 'French', 30),
('GIID-m4OWRrBDhkwOo5NwIu4rJzbu1JE2OaM9IIzgV9FVftnty5EEOPlZJmfKPkDp12hrXHVfMs33uWbSPoEY95t3AFLjW29xcUCWCSG3KGPcQaaBU2ePGUlVrmrXUCMz8jz48aGZ0puVi36fLAasFQCTUSwrcu9X0VNlBKsU2dXTQYTmurcuMqZBSngUfrjcjYFgwDBxryc1BXcn34Mq5TV0um922aBUrvmuecR5r7BNMNVMg8SQcD1jdWOxR3fH0ckn7T', 'German', 20),
('GIID-eXdvZDR7ubPQsAE0FRTW88w5vmiRtRIhWhdcz5npTS0hwGfgD44L6VcjFhdp6mZQLusI9mex22viGAa2sA9W81so9TranVGiwY0GkytU3uuRIIfwvKF1uuAhPPwRgVoTaqqI054CBycbrNRk28SGszkquaEYvtZiVmNFNLtPMpx2DmYNL0AQxLuKeZuMGYmx0c9wgzcRTWjRqfV9W2IoOhDxKgleR4TQ6mnBbemJS0W3NDdzuAnJr8TsbXN32gZrTc', 'English', 70),
('GIID-eXdvZDR7ubPQsAE0FRTW88w5vmiRtRIhWhdcz5npTS0hwGfgD44L6VcjFhdp6mZQLusI9mex22viGAa2sA9W81so9TranVGiwY0GkytU3uuRIIfwvKF1uuAhPPwRgVoTaqqI054CBycbrNRk28SGszkquaEYvtZiVmNFNLtPMpx2DmYNL0AQxLuKeZuMGYmx0c9wgzcRTWjRqfV9W2IoOhDxKgleR4TQ6mnBbemJS0W3NDdzuAnJr8TsbXN32gZrTc', 'Chinese', 20),
('GIID-eXdvZDR7ubPQsAE0FRTW88w5vmiRtRIhWhdcz5npTS0hwGfgD44L6VcjFhdp6mZQLusI9mex22viGAa2sA9W81so9TranVGiwY0GkytU3uuRIIfwvKF1uuAhPPwRgVoTaqqI054CBycbrNRk28SGszkquaEYvtZiVmNFNLtPMpx2DmYNL0AQxLuKeZuMGYmx0c9wgzcRTWjRqfV9W2IoOhDxKgleR4TQ6mnBbemJS0W3NDdzuAnJr8TsbXN32gZrTc', 'Arabic', 10);

INSERT INTO tags (giid, tag) VALUES 
('GIID-iQSyvjHY38WR7XegNzqWeX7V4ZZ5fpyIVdQBoPDl5mDBqTmphAzekDlmjb8Zm0qRILRD5Sne5OUYJ2iZhsJtkxI8W3unKjWA7nv6HQVrBG47D0ZNprvpY9hAKFlHZxBzfxJuLsxIInPZPq6d6FLVwYctS2nar1MNJDhXYWXERdslTDURpVDhS62FwuIRmunD1RowAgI0m1WvUug0UmIuC6haR4vzhAy4NPN20Qb2BARZjck4BTg8lkG1XxYrDwdXOW', 'Health'),
('GIID-iQSyvjHY38WR7XegNzqWeX7V4ZZ5fpyIVdQBoPDl5mDBqTmphAzekDlmjb8Zm0qRILRD5Sne5OUYJ2iZhsJtkxI8W3unKjWA7nv6HQVrBG47D0ZNprvpY9hAKFlHZxBzfxJuLsxIInPZPq6d6FLVwYctS2nar1MNJDhXYWXERdslTDURpVDhS62FwuIRmunD1RowAgI0m1WvUug0UmIuC6haR4vzhAy4NPN20Qb2BARZjck4BTg8lkG1XxYrDwdXOW', 'Medicine'),
('GIID-iQSyvjHY38WR7XegNzqWeX7V4ZZ5fpyIVdQBoPDl5mDBqTmphAzekDlmjb8Zm0qRILRD5Sne5OUYJ2iZhsJtkxI8W3unKjWA7nv6HQVrBG47D0ZNprvpY9hAKFlHZxBzfxJuLsxIInPZPq6d6FLVwYctS2nar1MNJDhXYWXERdslTDURpVDhS62FwuIRmunD1RowAgI0m1WvUug0UmIuC6haR4vzhAy4NPN20Qb2BARZjck4BTg8lkG1XxYrDwdXOW', 'Water Safety'),
('GIID-m4OWRrBDhkwOo5NwIu4rJzbu1JE2OaM9IIzgV9FVftnty5EEOPlZJmfKPkDp12hrXHVfMs33uWbSPoEY95t3AFLjW29xcUCWCSG3KGPcQaaBU2ePGUlVrmrXUCMz8jz48aGZ0puVi36fLAasFQCTUSwrcu9X0VNlBKsU2dXTQYTmurcuMqZBSngUfrjcjYFgwDBxryc1BXcn34Mq5TV0um922aBUrvmuecR5r7BNMNVMg8SQcD1jdWOxR3fH0ckn7T', 'COVID-19'),
('GIID-m4OWRrBDhkwOo5NwIu4rJzbu1JE2OaM9IIzgV9FVftnty5EEOPlZJmfKPkDp12hrXHVfMs33uWbSPoEY95t3AFLjW29xcUCWCSG3KGPcQaaBU2ePGUlVrmrXUCMz8jz48aGZ0puVi36fLAasFQCTUSwrcu9X0VNlBKsU2dXTQYTmurcuMqZBSngUfrjcjYFgwDBxryc1BXcn34Mq5TV0um922aBUrvmuecR5r7BNMNVMg8SQcD1jdWOxR3fH0ckn7T', 'Health'),
('GIID-eXdvZDR7ubPQsAE0FRTW88w5vmiRtRIhWhdcz5npTS0hwGfgD44L6VcjFhdp6mZQLusI9mex22viGAa2sA9W81so9TranVGiwY0GkytU3uuRIIfwvKF1uuAhPPwRgVoTaqqI054CBycbrNRk28SGszkquaEYvtZiVmNFNLtPMpx2DmYNL0AQxLuKeZuMGYmx0c9wgzcRTWjRqfV9W2IoOhDxKgleR4TQ6mnBbemJS0W3NDdzuAnJr8TsbXN32gZrTc', 'Warfare'),
('GIID-eXdvZDR7ubPQsAE0FRTW88w5vmiRtRIhWhdcz5npTS0hwGfgD44L6VcjFhdp6mZQLusI9mex22viGAa2sA9W81so9TranVGiwY0GkytU3uuRIIfwvKF1uuAhPPwRgVoTaqqI054CBycbrNRk28SGszkquaEYvtZiVmNFNLtPMpx2DmYNL0AQxLuKeZuMGYmx0c9wgzcRTWjRqfV9W2IoOhDxKgleR4TQ6mnBbemJS0W3NDdzuAnJr8TsbXN32gZrTc', 'Bioweapon');

INSERT INTO evaluations (giid, organization, evaluation, date_of_evaluation, comments, link) VALUES 
('GIID-iQSyvjHY38WR7XegNzqWeX7V4ZZ5fpyIVdQBoPDl5mDBqTmphAzekDlmjb8Zm0qRILRD5Sne5OUYJ2iZhsJtkxI8W3unKjWA7nv6HQVrBG47D0ZNprvpY9hAKFlHZxBzfxJuLsxIInPZPq6d6FLVwYctS2nar1MNJDhXYWXERdslTDURpVDhS62FwuIRmunD1RowAgI0m1WvUug0UmIuC6haR4vzhAy4NPN20Qb2BARZjck4BTg8lkG1XxYrDwdXOW', 'The New York Times', 'True', '2024-10-17', 'Confirmed by official sources', 'https://example.com/giid-iQSyvjHY38WR7XegNzqWeX7V4ZZ5fpyIVdQBoPDl5mDBqTmphAzekDlmjb8Zm0qRILRD5Sne5OUYJ2iZhsJtkxI8W3unKjWA7nv6HQVrBG47D0ZNprvpY9hAKFlHZxBzfxJuLsxIInPZPq6d6FLVwYctS2nar1MNJDhXYWXERdslTDURpVDhS62FwuIRmunD1RowAgI0m1WvUug0UmIuC6haR4vzhAy4NPN20Qb2BARZjck4BTg8lkG1XxYrDwdXOW-evaluation-nyt'),
('GIID-iQSyvjHY38WR7XegNzqWeX7V4ZZ5fpyIVdQBoPDl5mDBqTmphAzekDlmjb8Zm0qRILRD5Sne5OUYJ2iZhsJtkxI8W3unKjWA7nv6HQVrBG47D0ZNprvpY9hAKFlHZxBzfxJuLsxIInPZPq6d6FLVwYctS2nar1MNJDhXYWXERdslTDURpVDhS62FwuIRmunD1RowAgI0m1WvUug0UmIuC6haR4vzhAy4NPN20Qb2BARZjck4BTg8lkG1XxYrDwdXOW', 'Le Monde Les Décodeurs', 'False', '2024-10-18', 'Data appears to be manipulated', 'https://example.com/giid-iQSyvjHY38WR7XegNzqWeX7V4ZZ5fpyIVdQBoPDl5mDBqTmphAzekDlmjb8Zm0qRILRD5Sne5OUYJ2iZhsJtkxI8W3unKjWA7nv6HQVrBG47D0ZNprvpY9hAKFlHZxBzfxJuLsxIInPZPq6d6FLVwYctS2nar1MNJDhXYWXERdslTDURpVDhS62FwuIRmunD1RowAgI0m1WvUug0UmIuC6haR4vzhAy4NPN20Qb2BARZjck4BTg8lkG1XxYrDwdXOW-evaluation-lemonde'),
('GIID-iQSyvjHY38WR7XegNzqWeX7V4ZZ5fpyIVdQBoPDl5mDBqTmphAzekDlmjb8Zm0qRILRD5Sne5OUYJ2iZhsJtkxI8W3unKjWA7nv6HQVrBG47D0ZNprvpY9hAKFlHZxBzfxJuLsxIInPZPq6d6FLVwYctS2nar1MNJDhXYWXERdslTDURpVDhS62FwuIRmunD1RowAgI0m1WvUug0UmIuC6haR4vzhAy4NPN20Qb2BARZjck4BTg8lkG1XxYrDwdXOW', 'The Guardian', 'Misleading', '2024-10-19', 'Missing recent updates', 'https://example.com/giid-iQSyvjHY38WR7XegNzqWeX7V4ZZ5fpyIVdQBoPDl5mDBqTmphAzekDlmjb8Zm0qRILRD5Sne5OUYJ2iZhsJtkxI8W3unKjWA7nv6HQVrBG47D0ZNprvpY9hAKFlHZxBzfxJuLsxIInPZPq6d6FLVwYctS2nar1MNJDhXYWXERdslTDURpVDhS62FwuIRmunD1RowAgI0m1WvUug0UmIuC6haR4vzhAy4NPN20Qb2BARZjck4BTg8lkG1XxYrDwdXOW-evaluation-guardian'),
('GIID-iQSyvjHY38WR7XegNzqWeX7V4ZZ5fpyIVdQBoPDl5mDBqTmphAzekDlmjb8Zm0qRILRD5Sne5OUYJ2iZhsJtkxI8W3unKjWA7nv6HQVrBG47D0ZNprvpY9hAKFlHZxBzfxJuLsxIInPZPq6d6FLVwYctS2nar1MNJDhXYWXERdslTDURpVDhS62FwuIRmunD1RowAgI0m1WvUug0UmIuC6haR4vzhAy4NPN20Qb2BARZjck4BTg8lkG1XxYrDwdXOW', 'CNN Fact Check', 'False', '2024-10-20', 'Several inaccuracies found', 'https://example.com/giid-iQSyvjHY38WR7XegNzqWeX7V4ZZ5fpyIVdQBoPDl5mDBqTmphAzekDlmjb8Zm0qRILRD5Sne5OUYJ2iZhsJtkxI8W3unKjWA7nv6HQVrBG47D0ZNprvpY9hAKFlHZxBzfxJuLsxIInPZPq6d6FLVwYctS2nar1MNJDhXYWXERdslTDURpVDhS62FwuIRmunD1RowAgI0m1WvUug0UmIuC6haR4vzhAy4NPN20Qb2BARZjck4BTg8lkG1XxYrDwdXOW-evaluation-cnn'),
('GIID-iQSyvjHY38WR7XegNzqWeX7V4ZZ5fpyIVdQBoPDl5mDBqTmphAzekDlmjb8Zm0qRILRD5Sne5OUYJ2iZhsJtkxI8W3unKjWA7nv6HQVrBG47D0ZNprvpY9hAKFlHZxBzfxJuLsxIInPZPq6d6FLVwYctS2nar1MNJDhXYWXERdslTDURpVDhS62FwuIRmunD1RowAgI0m1WvUug0UmIuC6haR4vzhAy4NPN20Qb2BARZjck4BTg8lkG1XxYrDwdXOW', 'NHK', 'True', '2024-10-21', 'Verified by local authorities', 'https://example.com/giid-iQSyvjHY38WR7XegNzqWeX7V4ZZ5fpyIVdQBoPDl5mDBqTmphAzekDlmjb8Zm0qRILRD5Sne5OUYJ2iZhsJtkxI8W3unKjWA7nv6HQVrBG47D0ZNprvpY9hAKFlHZxBzfxJuLsxIInPZPq6d6FLVwYctS2nar1MNJDhXYWXERdslTDURpVDhS62FwuIRmunD1RowAgI0m1WvUug0UmIuC6haR4vzhAy4NPN20Qb2BARZjck4BTg8lkG1XxYrDwdXOW-evaluation-nhk');

-- GIID-m4OWRrBDhkwOo5NwIu4rJzbu1JE2OaM9IIzgV9FVftnty5EEOPlZJmfKPkDp12hrXHVfMs33uWbSPoEY95t3AFLjW29xcUCWCSG3KGPcQaaBU2ePGUlVrmrXUCMz8jz48aGZ0puVi36fLAasFQCTUSwrcu9X0VNlBKsU2dXTQYTmurcuMqZBSngUfrjcjYFgwDBxryc1BXcn34Mq5TV0um922aBUrvmuecR5r7BNMNVMg8SQcD1jdWOxR3fH0ckn7T evaluations
INSERT INTO evaluations (giid, organization, evaluation, date_of_evaluation, comments, link) VALUES 
('GIID-m4OWRrBDhkwOo5NwIu4rJzbu1JE2OaM9IIzgV9FVftnty5EEOPlZJmfKPkDp12hrXHVfMs33uWbSPoEY95t3AFLjW29xcUCWCSG3KGPcQaaBU2ePGUlVrmrXUCMz8jz48aGZ0puVi36fLAasFQCTUSwrcu9X0VNlBKsU2dXTQYTmurcuMqZBSngUfrjcjYFgwDBxryc1BXcn34Mq5TV0um922aBUrvmuecR5r7BNMNVMg8SQcD1jdWOxR3fH0ckn7T', 'Deutsche Welle', 'False', '2024-10-22', 'Based on outdated research', 'https://example.com/giid-m4OWRrBDhkwOo5NwIu4rJzbu1JE2OaM9IIzgV9FVftnty5EEOPlZJmfKPkDp12hrXHVfMs33uWbSPoEY95t3AFLjW29xcUCWCSG3KGPcQaaBU2ePGUlVrmrXUCMz8jz48aGZ0puVi36fLAasFQCTUSwrcu9X0VNlBKsU2dXTQYTmurcuMqZBSngUfrjcjYFgwDBxryc1BXcn34Mq5TV0um922aBUrvmuecR5r7BNMNVMg8SQcD1jdWOxR3fH0ckn7T-evaluation-dw'),
('GIID-m4OWRrBDhkwOo5NwIu4rJzbu1JE2OaM9IIzgV9FVftnty5EEOPlZJmfKPkDp12hrXHVfMs33uWbSPoEY95t3AFLjW29xcUCWCSG3KGPcQaaBU2ePGUlVrmrXUCMz8jz48aGZ0puVi36fLAasFQCTUSwrcu9X0VNlBKsU2dXTQYTmurcuMqZBSngUfrjcjYFgwDBxryc1BXcn34Mq5TV0um922aBUrvmuecR5r7BNMNVMg8SQcD1jdWOxR3fH0ckn7T', 'RT', 'True', '2024-10-23', 'Corroborated by several sources', 'https://example.com/giid-m4OWRrBDhkwOo5NwIu4rJzbu1JE2OaM9IIzgV9FVftnty5EEOPlZJmfKPkDp12hrXHVfMs33uWbSPoEY95t3AFLjW29xcUCWCSG3KGPcQaaBU2ePGUlVrmrXUCMz8jz48aGZ0puVi36fLAasFQCTUSwrcu9X0VNlBKsU2dXTQYTmurcuMqZBSngUfrjcjYFgwDBxryc1BXcn34Mq5TV0um922aBUrvmuecR5r7BNMNVMg8SQcD1jdWOxR3fH0ckn7T-evaluation-rt'),
('GIID-m4OWRrBDhkwOo5NwIu4rJzbu1JE2OaM9IIzgV9FVftnty5EEOPlZJmfKPkDp12hrXHVfMs33uWbSPoEY95t3AFLjW29xcUCWCSG3KGPcQaaBU2ePGUlVrmrXUCMz8jz48aGZ0puVi36fLAasFQCTUSwrcu9X0VNlBKsU2dXTQYTmurcuMqZBSngUfrjcjYFgwDBxryc1BXcn34Mq5TV0um922aBUrvmuecR5r7BNMNVMg8SQcD1jdWOxR3fH0ckn7T', 'Al Jazeera Fact Check', 'Misleading', '2024-10-24', 'Conflicting information provided', 'https://example.com/giid-m4OWRrBDhkwOo5NwIu4rJzbu1JE2OaM9IIzgV9FVftnty5EEOPlZJmfKPkDp12hrXHVfMs33uWbSPoEY95t3AFLjW29xcUCWCSG3KGPcQaaBU2ePGUlVrmrXUCMz8jz48aGZ0puVi36fLAasFQCTUSwrcu9X0VNlBKsU2dXTQYTmurcuMqZBSngUfrjcjYFgwDBxryc1BXcn34Mq5TV0um922aBUrvmuecR5r7BNMNVMg8SQcD1jdWOxR3fH0ckn7T-evaluation-aljazeera'),
('GIID-m4OWRrBDhkwOo5NwIu4rJzbu1JE2OaM9IIzgV9FVftnty5EEOPlZJmfKPkDp12hrXHVfMs33uWbSPoEY95t3AFLjW29xcUCWCSG3KGPcQaaBU2ePGUlVrmrXUCMz8jz48aGZ0puVi36fLAasFQCTUSwrcu9X0VNlBKsU2dXTQYTmurcuMqZBSngUfrjcjYFgwDBxryc1BXcn34Mq5TV0um922aBUrvmuecR5r7BNMNVMg8SQcD1jdWOxR3fH0ckn7T', 'Xinhua News Agency', 'True', '2024-10-25', 'Endorsed by state media', 'https://example.com/giid-m4OWRrBDhkwOo5NwIu4rJzbu1JE2OaM9IIzgV9FVftnty5EEOPlZJmfKPkDp12hrXHVfMs33uWbSPoEY95t3AFLjW29xcUCWCSG3KGPcQaaBU2ePGUlVrmrXUCMz8jz48aGZ0puVi36fLAasFQCTUSwrcu9X0VNlBKsU2dXTQYTmurcuMqZBSngUfrjcjYFgwDBxryc1BXcn34Mq5TV0um922aBUrvmuecR5r7BNMNVMg8SQcD1jdWOxR3fH0ckn7T-evaluation-xinhua'),
('GIID-m4OWRrBDhkwOo5NwIu4rJzbu1JE2OaM9IIzgV9FVftnty5EEOPlZJmfKPkDp12hrXHVfMs33uWbSPoEY95t3AFLjW29xcUCWCSG3KGPcQaaBU2ePGUlVrmrXUCMz8jz48aGZ0puVi36fLAasFQCTUSwrcu9X0VNlBKsU2dXTQYTmurcuMqZBSngUfrjcjYFgwDBxryc1BXcn34Mq5TV0um922aBUrvmuecR5r7BNMNVMg8SQcD1jdWOxR3fH0ckn7T', 'FactCheck.org', 'False', '2024-10-26', 'Data lacks peer-reviewed sources', 'https://example.com/giid-m4OWRrBDhkwOo5NwIu4rJzbu1JE2OaM9IIzgV9FVftnty5EEOPlZJmfKPkDp12hrXHVfMs33uWbSPoEY95t3AFLjW29xcUCWCSG3KGPcQaaBU2ePGUlVrmrXUCMz8jz48aGZ0puVi36fLAasFQCTUSwrcu9X0VNlBKsU2dXTQYTmurcuMqZBSngUfrjcjYFgwDBxryc1BXcn34Mq5TV0um922aBUrvmuecR5r7BNMNVMg8SQcD1jdWOxR3fH0ckn7T-evaluation-factcheck');

INSERT INTO evaluations (giid, organization, evaluation, date_of_evaluation, comments, link) VALUES 
('GIID-eXdvZDR7ubPQsAE0FRTW88w5vmiRtRIhWhdcz5npTS0hwGfgD44L6VcjFhdp6mZQLusI9mex22viGAa2sA9W81so9TranVGiwY0GkytU3uuRIIfwvKF1uuAhPPwRgVoTaqqI054CBycbrNRk28SGszkquaEYvtZiVmNFNLtPMpx2DmYNL0AQxLuKeZuMGYmx0c9wgzcRTWjRqfV9W2IoOhDxKgleR4TQ6mnBbemJS0W3NDdzuAnJr8TsbXN32gZrTc', 'The Washington Post', 'False', '2024-10-27', 'Unverified claims', 'https://example.com/giid-eXdvZDR7ubPQsAE0FRTW88w5vmiRtRIhWhdcz5npTS0hwGfgD44L6VcjFhdp6mZQLusI9mex22viGAa2sA9W81so9TranVGiwY0GkytU3uuRIIfwvKF1uuAhPPwRgVoTaqqI054CBycbrNRk28SGszkquaEYvtZiVmNFNLtPMpx2DmYNL0AQxLuKeZuMGYmx0c9wgzcRTWjRqfV9W2IoOhDxKgleR4TQ6mnBbemJS0W3NDdzuAnJr8TsbXN32gZrTc-evaluation-wapo'),
('GIID-eXdvZDR7ubPQsAE0FRTW88w5vmiRtRIhWhdcz5npTS0hwGfgD44L6VcjFhdp6mZQLusI9mex22viGAa2sA9W81so9TranVGiwY0GkytU3uuRIIfwvKF1uuAhPPwRgVoTaqqI054CBycbrNRk28SGszkquaEYvtZiVmNFNLtPMpx2DmYNL0AQxLuKeZuMGYmx0c9wgzcRTWjRqfV9W2IoOhDxKgleR4TQ6mnBbemJS0W3NDdzuAnJr8TsbXN32gZrTc', 'France 24', 'True', '2024-10-28', 'Consistent with known facts', 'https://example.com/giid-eXdvZDR7ubPQsAE0FRTW88w5vmiRtRIhWhdcz5npTS0hwGfgD44L6VcjFhdp6mZQLusI9mex22viGAa2sA9W81so9TranVGiwY0GkytU3uuRIIfwvKF1uuAhPPwRgVoTaqqI054CBycbrNRk28SGszkquaEYvtZiVmNFNLtPMpx2DmYNL0AQxLuKeZuMGYmx0c9wgzcRTWjRqfV9W2IoOhDxKgleR4TQ6mnBbemJS0W3NDdzuAnJr8TsbXN32gZrTc-evaluation-france24'),
('GIID-eXdvZDR7ubPQsAE0FRTW88w5vmiRtRIhWhdcz5npTS0hwGfgD44L6VcjFhdp6mZQLusI9mex22viGAa2sA9W81so9TranVGiwY0GkytU3uuRIIfwvKF1uuAhPPwRgVoTaqqI054CBycbrNRk28SGszkquaEYvtZiVmNFNLtPMpx2DmYNL0AQxLuKeZuMGYmx0c9wgzcRTWjRqfV9W2IoOhDxKgleR4TQ6mnBbemJS0W3NDdzuAnJr8TsbXN32gZrTc', 'CBC News', 'Misleading', '2024-10-29', 'Analysis incomplete', 'https://example.com/giid-eXdvZDR7ubPQsAE0FRTW88w5vmiRtRIhWhdcz5npTS0hwGfgD44L6VcjFhdp6mZQLusI9mex22viGAa2sA9W81so9TranVGiwY0GkytU3uuRIIfwvKF1uuAhPPwRgVoTaqqI054CBycbrNRk28SGszkquaEYvtZiVmNFNLtPMpx2DmYNL0AQxLuKeZuMGYmx0c9wgzcRTWjRqfV9W2IoOhDxKgleR4TQ6mnBbemJS0W3NDdzuAnJr8TsbXN32gZrTc-evaluation-cbc'),
('GIID-eXdvZDR7ubPQsAE0FRTW88w5vmiRtRIhWhdcz5npTS0hwGfgD44L6VcjFhdp6mZQLusI9mex22viGAa2sA9W81so9TranVGiwY0GkytU3uuRIIfwvKF1uuAhPPwRgVoTaqqI054CBycbrNRk28SGszkquaEYvtZiVmNFNLtPMpx2DmYNL0AQxLuKeZuMGYmx0c9wgzcRTWjRqfV9W2IoOhDxKgleR4TQ6mnBbemJS0W3NDdzuAnJr8TsbXN32gZrTc', 'The Sydney Morning Herald', 'False', '2024-10-30', 'Contradicted by recent studies', 'https://example.com/giid-eXdvZDR7ubPQsAE0FRTW88w5vmiRtRIhWhdcz5npTS0hwGfgD44L6VcjFhdp6mZQLusI9mex22viGAa2sA9W81so9TranVGiwY0GkytU3uuRIIfwvKF1uuAhPPwRgVoTaqqI054CBycbrNRk28SGszkquaEYvtZiVmNFNLtPMpx2DmYNL0AQxLuKeZuMGYmx0c9wgzcRTWjRqfV9W2IoOhDxKgleR4TQ6mnBbemJS0W3NDdzuAnJr8TsbXN32gZrTc-evaluation-smh'),
('GIID-eXdvZDR7ubPQsAE0FRTW88w5vmiRtRIhWhdcz5npTS0hwGfgD44L6VcjFhdp6mZQLusI9mex22viGAa2sA9W81so9TranVGiwY0GkytU3uuRIIfwvKF1uuAhPPwRgVoTaqqI054CBycbrNRk28SGszkquaEYvtZiVmNFNLtPMpx2DmYNL0AQxLuKeZuMGYmx0c9wgzcRTWjRqfV9W2IoOhDxKgleR4TQ6mnBbemJS0W3NDdzuAnJr8TsbXN32gZrTc', 'India Today Fact Check', 'True', '2024-10-31', 'Supported by additional sources', 'https://example.com/giid-eXdvZDR7ubPQsAE0FRTW88w5vmiRtRIhWhdcz5npTS0hwGfgD44L6VcjFhdp6mZQLusI9mex22viGAa2sA9W81so9TranVGiwY0GkytU3uuRIIfwvKF1uuAhPPwRgVoTaqqI054CBycbrNRk28SGszkquaEYvtZiVmNFNLtPMpx2DmYNL0AQxLuKeZuMGYmx0c9wgzcRTWjRqfV9W2IoOhDxKgleR4TQ6mnBbemJS0W3NDdzuAnJr8TsbXN32gZrTc-evaluation-indiatoday');

insert into vec_giid(giid, embedding) values
   ('GIID-iQSyvjHY38WR7XegNzqWeX7V4ZZ5fpyIVdQBoPDl5mDBqTmphAzekDlmjb8Zm0qRILRD5Sne5OUYJ2iZhsJtkxI8W3unKjWA7nv6HQVrBG47D0ZNprvpY9hAKFlHZxBzfxJuLsxIInPZPq6d6FLVwYctS2nar1MNJDhXYWXERdslTDURpVDhS62FwuIRmunD1RowAgI0m1WvUug0UmIuC6haR4vzhAy4NPN20Qb2BARZjck4BTg8lkG1XxYrDwdXOW', '[0.029541871895173894,0.04726699503227823,0.029541871895173894,0.05317536941131301,0.06499211816938257,0.05908374379034779,0.07090049254841735,0.07090049254841735,0.04726699503227823,0.04726699503227823,0.04135862065324345,0.04726699503227823,0.05317536941131301,0.05908374379034779,0,0.04726699503227823,0.04135862065324345,0.06499211816938257,0.04135862065324345,0.04135862065324345,0.05317536941131301,0.05908374379034779,0.05317536941131301,0.04726699503227823,0.07680886692745212,0.06499211816938257,0.05908374379034779,0.035450246274208674,0.04135862065324345,0.05317536941131301,0.06499211816938257,0.06499211816938257,0.06499211816938257,0.029541871895173894,0.04726699503227823,0.023633497516139114,0.06499211816938257,0.035450246274208674,0.05908374379034779,0.035450246274208674,0.05317536941131301,0.06499211816938257,0.05317536941131301,0.05317536941131301,0.04726699503227823,0.06499211816938257,0.05317536941131301,0.04135862065324345,0.04726699503227823,0.05317536941131301,0.04726699503227823,0.029541871895173894,0.06499211816938257,0.07090049254841735,0.05317536941131301,0.04135862065324345,0.04135862065324345,0.0059083743790347785,0.035450246274208674,0.06499211816938257,0.04135862065324345,0.04726699503227823,0.05317536941131301,0.06499211816938257,0.07680886692745212,0.07090049254841735,0.04726699503227823,0.017725123137104337,0.04726699503227823,0.05908374379034779,0.06499211816938257,0.035450246274208674,0.0827172413064869,0.04726699503227823,0.05317536941131301,0.035450246274208674,0.035450246274208674,0.05908374379034779,0.05908374379034779,0.05317536941131301,0.05317536941131301,0.04726699503227823,0.0827172413064869,0.06499211816938257,0.07090049254841735,0.05908374379034779,0.035450246274208674,0.04135862065324345,0.029541871895173894,0.04726699503227823,0.04135862065324345,0.04726699503227823,0.07090049254841735,0.04726699503227823,0.05317536941131301,0.05908374379034779,0.023633497516139114,0.029541871895173894,0.029541871895173894,0.05317536941131301,0.035450246274208674,0.04135862065324345,0.023633497516139114,0.04726699503227823,0.035450246274208674,0.04726699503227823,0.07090049254841735,0.06499211816938257,0.05317536941131301,0.05908374379034779,0.05317536941131301,0.035450246274208674,0.035450246274208674,0.06499211816938257,0.04726699503227823,0.04726699503227823,0.06499211816938257,0.04726699503227823,0.04135862065324345,0.06499211816938257,0.05317536941131301,0.04135862065324345,0.035450246274208674,0.05908374379034779,0.07680886692745212,0.05908374379034779,0.017725123137104337,0.04726699503227823,0.04135862065324345,0.05317536941131301,0.05908374379034779,0.04726699503227823,0.0059083743790347785,0.029541871895173894,0.035450246274208674,0.04135862065324345,0.05317536941131301,0.05317536941131301,0.035450246274208674,0.05908374379034779,0.05317536941131301,0.0827172413064869,0.06499211816938257,0.05317536941131301,0.023633497516139114,0.04726699503227823,0.07090049254841735,0.04726699503227823,0.05908374379034779,0.029541871895173894,0.04135862065324345,0.05317536941131301,0.05908374379034779,0.0827172413064869,0.035450246274208674,0.04135862065324345,0.07090049254841735,0.05317536941131301,0.05317536941131301,0.05908374379034779,0.035450246274208674,0.05908374379034779,0.035450246274208674,0.035450246274208674,0.05317536941131301,0.05317536941131301,0.029541871895173894,0.06499211816938257,0.06499211816938257,0.07090049254841735,0.04135862065324345,0.05317536941131301,0.07680886692745212,0.035450246274208674,0.035450246274208674,0.035450246274208674,0.035450246274208674,0.07090049254841735,0.04135862065324345,0.05317536941131301,0.04135862065324345,0.035450246274208674,0.05908374379034779,0.04135862065324345,0.04135862065324345,0.05317536941131301,0.035450246274208674,0.05317536941131301,0.023633497516139114,0.029541871895173894,0.0059083743790347785,0.04726699503227823,0.07090049254841735,0.07680886692745212,0.05317536941131301,0.04135862065324345,0.011816748758069557,0.04135862065324345,0.029541871895173894,0.05317536941131301,0.04135862065324345,0.05317536941131301,0.04135862065324345,0.035450246274208674,0.05908374379034779,0.04135862065324345,0.05908374379034779,0.017725123137104337,0.05908374379034779,0.029541871895173894,0.04726699503227823,0.04726699503227823,0.017725123137104337,0.029541871895173894,0.05317536941131301,0.05317536941131301,0.05908374379034779,0.04726699503227823,0.07680886692745212,0.07090049254841735,0.029541871895173894,0.04135862065324345,0.04726699503227823,0.04135862065324345,0.035450246274208674,0.035450246274208674,0.029541871895173894,0.06499211816938257,0.023633497516139114,0.05908374379034779,0.05317536941131301,0.05908374379034779,0.07680886692745212,0.04135862065324345,0.04726699503227823,0.04135862065324345,0.029541871895173894,0.05908374379034779,0.04135862065324345,0.06499211816938257,0.06499211816938257,0.04726699503227823,0.04135862065324345,0.05317536941131301,0.04135862065324345,0.07680886692745212,0.05908374379034779,0.029541871895173894,0.04726699503227823,0.05908374379034779,0.035450246274208674,0.029541871895173894,0.06499211816938257,0.05908374379034779,0.035450246274208674,0.06499211816938257,0.06499211816938257,0.011816748758069557,0.04135862065324345,0.05908374379034779,0.05317536941131301,0.029541871895173894,0.017725123137104337,0.04726699503227823,0.035450246274208674,0.05317536941131301,0.04726699503227823,0.035450246274208674,0.05908374379034779,0.04726699503227823,0.035450246274208674,0.05908374379034779,0.035450246274208674,0.05317536941131301,0.05908374379034779,0.035450246274208674,0.06499211816938257,0.04135862065324345,0.04726699503227823,0.011816748758069557,0.07090049254841735,0.023633497516139114,0.04135862065324345,0.06499211816938257,0.04726699503227823,0.04726699503227823,0.035450246274208674,0.023633497516139114,0.05317536941131301,0.05908374379034779,0.04726699503227823,0.06499211816938257,0.08862561568552169,0.07680886692745212,0.07090049254841735,0.05317536941131301,0.05317536941131301,0.023633497516139114,0.023633497516139114,0.05317536941131301,0.04135862065324345,0.06499211816938257,0.04135862065324345,0.05317536941131301,0.05317536941131301,0.05317536941131301,0.05317536941131301,0.04135862065324345,0.04726699503227823,0.04135862065324345,0.029541871895173894,0.029541871895173894,0.07680886692745212,0.05908374379034779,0.04135862065324345,0.029541871895173894,0.0059083743790347785,0.04135862065324345,0.05317536941131301,0.05317536941131301,0.06499211816938257,0.04726699503227823,0.04135862065324345,0.07680886692745212,0.05317536941131301,0.06499211816938257,0.035450246274208674,0.05317536941131301,0.04135862065324345,0.04135862065324345,0.06499211816938257,0.07680886692745212,0.05317536941131301,0.04135862065324345,0.04135862065324345,0.04135862065324345,0.06499211816938257,0.04726699503227823,0.035450246274208674,0.05908374379034779,0.05317536941131301,0.04726699503227823,0.05908374379034779,0.04135862065324345,0.04726699503227823,0.04135862065324345,0.07090049254841735,0.0827172413064869,0.029541871895173894,0.035450246274208674,0.035450246274208674,0.05908374379034779,0.04726699503227823,0.04726699503227823,0.05317536941131301,0.05908374379034779,0.04726699503227823,0.07090049254841735,0.05317536941131301,0.023633497516139114,0.029541871895173894,0.04135862065324345,0.023633497516139114,0.07090049254841735,0.06499211816938257,0.05317536941131301,0.04726699503227823,0.04726699503227823,0.06499211816938257,0.035450246274208674,0.05317536941131301,0.05908374379034779,0.05317536941131301,0.05317536941131301,0.04135862065324345,0.04135862065324345,0.07090049254841735,0.04726699503227823,0.017725123137104337,0.04726699503227823,0.05908374379034779,0.05317536941131301,0.06499211816938257,0.05908374379034779]'),
   ('GIID-m4OWRrBDhkwOo5NwIu4rJzbu1JE2OaM9IIzgV9FVftnty5EEOPlZJmfKPkDp12hrXHVfMs33uWbSPoEY95t3AFLjW29xcUCWCSG3KGPcQaaBU2ePGUlVrmrXUCMz8jz48aGZ0puVi36fLAasFQCTUSwrcu9X0VNlBKsU2dXTQYTmurcuMqZBSngUfrjcjYFgwDBxryc1BXcn34Mq5TV0um922aBUrvmuecR5r7BNMNVMg8SQcD1jdWOxR3fH0ckn7T', '[0.03989023128068564,0.04653860316079991,0.04653860316079991,0.03989023128068564,0.05983534692102846,0.03989023128068564,0.033241859400571366,0.04653860316079991,0.04653860316079991,0.03989023128068564,0.04653860316079991,0.05983534692102846,0.053186975040914186,0.053186975040914186,0.03989023128068564,0.04653860316079991,0.013296743760228547,0.01994511564034282,0.026593487520457093,0.03989023128068564,0,0.033241859400571366,0.03989023128068564,0.03989023128068564,0.03989023128068564,0.03989023128068564,0.033241859400571366,0.03989023128068564,0.033241859400571366,0.05983534692102846,0.06648371880114273,0.053186975040914186,0.04653860316079991,0.053186975040914186,0.01994511564034282,0.026593487520457093,0.053186975040914186,0.033241859400571366,0.033241859400571366,0.04653860316079991,0.03989023128068564,0.06648371880114273,0.033241859400571366,0.06648371880114273,0.05983534692102846,0.073132090681257,0.04653860316079991,0.04653860316079991,0.03989023128068564,0.03989023128068564,0.053186975040914186,0.06648371880114273,0.033241859400571366,0.05983534692102846,0.053186975040914186,0.026593487520457093,0.033241859400571366,0.053186975040914186,0.06648371880114273,0.053186975040914186,0.053186975040914186,0.03989023128068564,0.05983534692102846,0.073132090681257,0.053186975040914186,0.053186975040914186,0.0997255782017141,0.04653860316079991,0.03989023128068564,0.06648371880114273,0.053186975040914186,0.03989023128068564,0.01994511564034282,0.033241859400571366,0.033241859400571366,0.07978046256137128,0.04653860316079991,0.03989023128068564,0.09307720632159983,0.053186975040914186,0.07978046256137128,0.05983534692102846,0.06648371880114273,0.04653860316079991,0.073132090681257,0.04653860316079991,0.04653860316079991,0.03989023128068564,0.053186975040914186,0.01994511564034282,0.033241859400571366,0.05983534692102846,0.07978046256137128,0.05983534692102846,0.053186975040914186,0.073132090681257,0.04653860316079991,0.026593487520457093,0.013296743760228547,0.05983534692102846,0.01994511564034282,0.033241859400571366,0.04653860316079991,0.073132090681257,0.033241859400571366,0.053186975040914186,0.06648371880114273,0.073132090681257,0.053186975040914186,0.073132090681257,0.053186975040914186,0.053186975040914186,0.04653860316079991,0.026593487520457093,0.04653860316079991,0.026593487520457093,0.026593487520457093,0.06648371880114273,0.026593487520457093,0.06648371880114273,0.053186975040914186,0.026593487520457093,0.053186975040914186,0.03989023128068564,0.09307720632159983,0.06648371880114273,0.026593487520457093,0.05983534692102846,0.04653860316079991,0.03989023128068564,0.05983534692102846,0.053186975040914186,0.03989023128068564,0.04653860316079991,0.033241859400571366,0.06648371880114273,0.03989023128068564,0.04653860316079991,0.026593487520457093,0.033241859400571366,0.03989023128068564,0.073132090681257,0.07978046256137128,0.03989023128068564,0.03989023128068564,0.05983534692102846,0.05983534692102846,0.03989023128068564,0.04653860316079991,0.026593487520457093,0.05983534692102846,0.033241859400571366,0.07978046256137128,0.073132090681257,0.03989023128068564,0.05983534692102846,0.05983534692102846,0.053186975040914186,0.013296743760228547,0.053186975040914186,0.04653860316079991,0.04653860316079991,0.03989023128068564,0.05983534692102846,0.06648371880114273,0.03989023128068564,0.033241859400571366,0.04653860316079991,0.07978046256137128,0.053186975040914186,0.01994511564034282,0.053186975040914186,0.073132090681257,0.033241859400571366,0.04653860316079991,0.013296743760228547,0.013296743760228547,0.06648371880114273,0.033241859400571366,0.06648371880114273,0.013296743760228547,0.033241859400571366,0.073132090681257,0.053186975040914186,0.033241859400571366,0.04653860316079991,0.053186975040914186,0.033241859400571366,0.026593487520457093,0.013296743760228547,0.033241859400571366,0.03989023128068564,0.08642883444148555,0.053186975040914186,0.04653860316079991,0.03989023128068564,0.006648371880114273,0.06648371880114273,0.05983534692102846,0.033241859400571366,0.03989023128068564,0.01994511564034282,0.04653860316079991,0.053186975040914186,0.053186975040914186,0.04653860316079991,0.053186975040914186,0.03989023128068564,0.026593487520457093,0.04653860316079991,0.05983534692102846,0.05983534692102846,0.03989023128068564,0.04653860316079991,0.05983534692102846,0.04653860316079991,0.04653860316079991,0.053186975040914186,0.06648371880114273,0.06648371880114273,0.05983534692102846,0.053186975040914186,0.01994511564034282,0.026593487520457093,0.01994511564034282,0.026593487520457093,0.04653860316079991,0.053186975040914186,0.04653860316079991,0.073132090681257,0.03989023128068564,0.06648371880114273,0.04653860316079991,0.05983534692102846,0.053186975040914186,0.053186975040914186,0.04653860316079991,0.053186975040914186,0.053186975040914186,0.04653860316079991,0.053186975040914186,0.053186975040914186,0.033241859400571366,0.03989023128068564,0.053186975040914186,0.073132090681257,0.033241859400571366,0.06648371880114273,0.05983534692102846,0.07978046256137128,0.04653860316079991,0.04653860316079991,0.073132090681257,0.05983534692102846,0.053186975040914186,0.04653860316079991,0.06648371880114273,0.05983534692102846,0.08642883444148555,0.05983534692102846,0.04653860316079991,0.053186975040914186,0.03989023128068564,0.026593487520457093,0.05983534692102846,0.06648371880114273,0.03989023128068564,0.073132090681257,0.04653860316079991,0.053186975040914186,0.073132090681257,0.06648371880114273,0.053186975040914186,0.03989023128068564,0.07978046256137128,0.03989023128068564,0.03989023128068564,0.06648371880114273,0.013296743760228547,0.026593487520457093,0.06648371880114273,0.03989023128068564,0.053186975040914186,0.03989023128068564,0.033241859400571366,0.013296743760228547,0.026593487520457093,0.033241859400571366,0.05983534692102846,0.03989023128068564,0.03989023128068564,0.07978046256137128,0.073132090681257,0.053186975040914186,0.05983534692102846,0.04653860316079991,0.01994511564034282,0.01994511564034282,0.033241859400571366,0.03989023128068564,0.033241859400571366,0.04653860316079991,0.03989023128068564,0.03989023128068564,0.04653860316079991,0.03989023128068564,0.073132090681257,0.04653860316079991,0.05983534692102846,0.013296743760228547,0.06648371880114273,0.026593487520457093,0.05983534692102846,0.073132090681257,0.013296743760228547,0.026593487520457093,0.01994511564034282,0.053186975040914186,0.03989023128068564,0.04653860316079991,0.07978046256137128,0.08642883444148555,0.05983534692102846,0.053186975040914186,0.05983534692102846,0.06648371880114273,0.03989023128068564,0.04653860316079991,0.06648371880114273,0.05983534692102846,0.073132090681257,0.053186975040914186,0.053186975040914186,0.05983534692102846,0.07978046256137128,0.073132090681257,0.006648371880114273,0.026593487520457093,0.03989023128068564,0.033241859400571366,0.03989023128068564,0.06648371880114273,0.033241859400571366,0.06648371880114273,0.053186975040914186,0.04653860316079991,0.05983534692102846,0.06648371880114273,0.05983534692102846,0.04653860316079991,0.013296743760228547,0.05983534692102846,0.04653860316079991,0.053186975040914186,0.03989023128068564,0.05983534692102846,0.053186975040914186,0.06648371880114273,0.073132090681257,0.03989023128068564,0.026593487520457093,0.05983534692102846,0.053186975040914186,0.06648371880114273,0.01994511564034282,0.03989023128068564,0.053186975040914186,0.04653860316079991,0.033241859400571366,0.053186975040914186,0.05983534692102846,0.053186975040914186,0.04653860316079991,0.053186975040914186,0.04653860316079991,0.006648371880114273,0.033241859400571366,0.04653860316079991,0.03989023128068564,0.03989023128068564,0.026593487520457093,0.04653860316079991,0.06648371880114273,0.033241859400571366]'),
   ('GIID-eXdvZDR7ubPQsAE0FRTW88w5vmiRtRIhWhdcz5npTS0hwGfgD44L6VcjFhdp6mZQLusI9mex22viGAa2sA9W81so9TranVGiwY0GkytU3uuRIIfwvKF1uuAhPPwRgVoTaqqI054CBycbrNRk28SGszkquaEYvtZiVmNFNLtPMpx2DmYNL0AQxLuKeZuMGYmx0c9wgzcRTWjRqfV9W2IoOhDxKgleR4TQ6mnBbemJS0W3NDdzuAnJr8TsbXN32gZrTc', '[0.028734623794355794,0.04310193569153369,0.0071836559485889484,0.035918279742944745,0.06465290353730054,0.05028559164012264,0.035918279742944745,0.05028559164012264,0.05746924758871159,0.05028559164012264,0.021550967845766846,0.04310193569153369,0.07902021543447843,0.06465290353730054,0.028734623794355794,0.04310193569153369,0.0071836559485889484,0.028734623794355794,0.05746924758871159,0.035918279742944745,0.021550967845766846,0.028734623794355794,0.07183655948588949,0.05028559164012264,0.06465290353730054,0.028734623794355794,0.014367311897177897,0.021550967845766846,0.05028559164012264,0.07183655948588949,0.07902021543447843,0.035918279742944745,0.04310193569153369,0.05028559164012264,0.05028559164012264,0.06465290353730054,0.08620387138306738,0.04310193569153369,0.035918279742944745,0.05746924758871159,0.05028559164012264,0.05746924758871159,0.028734623794355794,0.05746924758871159,0.035918279742944745,0.07902021543447843,0.04310193569153369,0.035918279742944745,0.028734623794355794,0.04310193569153369,0.05028559164012264,0.035918279742944745,0.021550967845766846,0.028734623794355794,0.06465290353730054,0.021550967845766846,0.04310193569153369,0.07902021543447843,0.04310193569153369,0.05028559164012264,0.04310193569153369,0.021550967845766846,0.06465290353730054,0.05028559164012264,0.04310193569153369,0.035918279742944745,0.06465290353730054,0.07183655948588949,0.06465290353730054,0.05028559164012264,0.06465290353730054,0.021550967845766846,0.05028559164012264,0.06465290353730054,0.035918279742944745,0.05746924758871159,0.05746924758871159,0.06465290353730054,0.08620387138306738,0.021550967845766846,0.04310193569153369,0.07902021543447843,0.07902021543447843,0.05028559164012264,0.06465290353730054,0.07183655948588949,0.05028559164012264,0.05746924758871159,0.05746924758871159,0.06465290353730054,0.06465290353730054,0.014367311897177897,0.10775483922883422,0.04310193569153369,0.035918279742944745,0.07902021543447843,0.06465290353730054,0.05746924758871159,0.05746924758871159,0.035918279742944745,0.05028559164012264,0.021550967845766846,0.05746924758871159,0.021550967845766846,0.014367311897177897,0.035918279742944745,0.014367311897177897,0.07183655948588949,0.05028559164012264,0.05028559164012264,0.035918279742944745,0.04310193569153369,0.035918279742944745,0.05746924758871159,0.04310193569153369,0.05028559164012264,0.05746924758871159,0,0.035918279742944745,0.04310193569153369,0.05028559164012264,0.04310193569153369,0.05746924758871159,0.035918279742944745,0.07183655948588949,0.07183655948588949,0.035918279742944745,0.05746924758871159,0.06465290353730054,0.06465290353730054,0.05028559164012264,0.05746924758871159,0.028734623794355794,0.05028559164012264,0.04310193569153369,0.05028559164012264,0.028734623794355794,0.04310193569153369,0.0071836559485889484,0.05746924758871159,0.05028559164012264,0.07183655948588949,0.05746924758871159,0.021550967845766846,0.04310193569153369,0.05746924758871159,0.05746924758871159,0.06465290353730054,0.04310193569153369,0.014367311897177897,0.08620387138306738,0.06465290353730054,0.10057118328024528,0.05746924758871159,0.04310193569153369,0.05028559164012264,0.05746924758871159,0.05746924758871159,0.035918279742944745,0.028734623794355794,0.021550967845766846,0.05028559164012264,0.035918279742944745,0.05746924758871159,0.04310193569153369,0.035918279742944745,0,0.04310193569153369,0.07902021543447843,0.05028559164012264,0.04310193569153369,0.06465290353730054,0.10057118328024528,0.05028559164012264,0.05028559164012264,0.05028559164012264,0.04310193569153369,0.028734623794355794,0.035918279742944745,0.06465290353730054,0.04310193569153369,0.04310193569153369,0.035918279742944745,0.05746924758871159,0.05028559164012264,0.04310193569153369,0.06465290353730054,0.035918279742944745,0.05028559164012264,0.05746924758871159,0.035918279742944745,0.07183655948588949,0.07183655948588949,0.04310193569153369,0.035918279742944745,0.07183655948588949,0.035918279742944745,0.05746924758871159,0.05746924758871159,0.028734623794355794,0.035918279742944745,0.07183655948588949,0.028734623794355794,0.07902021543447843,0.06465290353730054,0.05028559164012264,0.028734623794355794,0.04310193569153369,0.035918279742944745,0.06465290353730054,0.04310193569153369,0.06465290353730054,0.035918279742944745,0.07902021543447843,0.07183655948588949,0.028734623794355794,0.028734623794355794,0.05746924758871159,0.014367311897177897,0.05746924758871159,0.04310193569153369,0.05028559164012264,0.014367311897177897,0.035918279742944745,0.05028559164012264,0.028734623794355794,0.06465290353730054,0.04310193569153369,0.04310193569153369,0.06465290353730054,0.021550967845766846,0.05746924758871159,0.028734623794355794,0.04310193569153369,0.07183655948588949,0.0071836559485889484,0.07183655948588949,0.05746924758871159,0.028734623794355794,0.05028559164012264,0.035918279742944745,0.05028559164012264,0.035918279742944745,0.05746924758871159,0.0071836559485889484,0.07183655948588949,0.06465290353730054,0.07902021543447843,0.0071836559485889484,0.04310193569153369,0.04310193569153369,0.0071836559485889484,0.05746924758871159,0.04310193569153369,0.05028559164012264,0.05028559164012264,0.035918279742944745,0.06465290353730054,0.05746924758871159,0.05746924758871159,0.07183655948588949,0.035918279742944745,0.04310193569153369,0.06465290353730054,0.07183655948588949,0.06465290353730054,0.021550967845766846,0.10057118328024528,0.05028559164012264,0.04310193569153369,0.014367311897177897,0.05746924758871159,0.035918279742944745,0.035918279742944745,0.10057118328024528,0.04310193569153369,0.05028559164012264,0.035918279742944745,0.035918279742944745,0.04310193569153369,0.06465290353730054,0.04310193569153369,0.05028559164012264,0.05746924758871159,0.05028559164012264,0.0071836559485889484,0.021550967845766846,0.035918279742944745,0.028734623794355794,0.04310193569153369,0.04310193569153369,0.07183655948588949,0.035918279742944745,0.035918279742944745,0.07183655948588949,0.035918279742944745,0.035918279742944745,0.05028559164012264,0.028734623794355794,0.035918279742944745,0.021550967845766846,0.021550967845766846,0.06465290353730054,0.04310193569153369,0.07183655948588949,0.035918279742944745,0.07183655948588949,0.05028559164012264,0.07902021543447843,0.014367311897177897,0.04310193569153369,0.05028559164012264,0.07183655948588949,0.05746924758871159,0.035918279742944745,0.035918279742944745,0.028734623794355794,0.06465290353730054,0.06465290353730054,0.05746924758871159,0.07902021543447843,0.05028559164012264,0.05746924758871159,0.07183655948588949,0.0071836559485889484,0.04310193569153369,0.021550967845766846,0.05746924758871159,0.021550967845766846,0.07183655948588949,0.021550967845766846,0.05028559164012264,0.028734623794355794,0.07902021543447843,0.035918279742944745,0.06465290353730054,0.04310193569153369,0.08620387138306738,0.028734623794355794,0.05746924758871159,0.04310193569153369,0.07183655948588949,0.04310193569153369,0.05746924758871159,0.035918279742944745,0.028734623794355794,0.04310193569153369,0.06465290353730054,0.04310193569153369,0.035918279742944745,0.035918279742944745,0.04310193569153369,0.014367311897177897,0.035918279742944745,0.028734623794355794,0.05746924758871159,0.0071836559485889484,0.04310193569153369,0.05028559164012264,0.021550967845766846,0.04310193569153369,0.05746924758871159,0.035918279742944745,0.028734623794355794,0.04310193569153369,0.05028559164012264,0.014367311897177897,0.05028559164012264,0.04310193569153369,0.06465290353730054,0.05746924758871159,0.05746924758871159,0.05746924758871159,0.05028559164012264,0.04310193569153369,0.04310193569153369,0.04310193569153369,0.021550967845766846,0.06465290353730054,0.05028559164012264,0.04310193569153369,0.035918279742944745,0.10057118328024528,0.014367311897177897]');